query_text,intent,topic,difficulty_level
I am confused about Linear Regression,Explanation,Linear Regression,Beginner
I don’t understand how Linear Regression works,Explanation,Linear Regression,Beginner
I don’t understand how Linear Regression works,Explanation,Linear Regression,Beginner
I am confused about Linear Regression,Explanation,Linear Regression,Beginner
Can you explain Linear Regression in simple terms?,Explanation,Linear Regression,Beginner
I don’t understand how Linear Regression works,Explanation,Linear Regression,Beginner
I don’t understand how Linear Regression works,Explanation,Linear Regression,Beginner
I don’t understand how Linear Regression works,Explanation,Linear Regression,Beginner
I am confused about Linear Regression,Explanation,Linear Regression,Beginner
I don’t understand how Linear Regression works,Explanation,Linear Regression,Beginner
I need a real-world example for Linear Regression,Example,Linear Regression,Beginner
I need a real-world example for Linear Regression,Example,Linear Regression,Beginner
I need a real-world example for Linear Regression,Example,Linear Regression,Beginner
Can you give an example of Linear Regression?,Example,Linear Regression,Beginner
I need a real-world example for Linear Regression,Example,Linear Regression,Beginner
Show me a practical example of Linear Regression,Example,Linear Regression,Beginner
Can you give an example of Linear Regression?,Example,Linear Regression,Beginner
Can you give an example of Linear Regression?,Example,Linear Regression,Beginner
Can you give an example of Linear Regression?,Example,Linear Regression,Beginner
Can you give an example of Linear Regression?,Example,Linear Regression,Beginner
Why does Linear Regression sometimes fail?,Doubt,Linear Regression,Beginner
Why is Linear Regression important in models?,Doubt,Linear Regression,Beginner
Why is Linear Regression important in models?,Doubt,Linear Regression,Beginner
Why does Linear Regression sometimes fail?,Doubt,Linear Regression,Beginner
Why is Linear Regression important in models?,Doubt,Linear Regression,Beginner
Why does Linear Regression sometimes fail?,Doubt,Linear Regression,Beginner
Why is Linear Regression important in models?,Doubt,Linear Regression,Beginner
Why is Linear Regression important in models?,Doubt,Linear Regression,Beginner
Why is Linear Regression important in models?,Doubt,Linear Regression,Beginner
Why is Linear Regression important in models?,Doubt,Linear Regression,Beginner
Give me a short recap of Linear Regression,Revision,Linear Regression,Beginner
Can you quickly revise Linear Regression?,Revision,Linear Regression,Beginner
Give me a short recap of Linear Regression,Revision,Linear Regression,Beginner
I want to revise Linear Regression once again,Revision,Linear Regression,Beginner
Give me a short recap of Linear Regression,Revision,Linear Regression,Beginner
Can you quickly revise Linear Regression?,Revision,Linear Regression,Beginner
Can you quickly revise Linear Regression?,Revision,Linear Regression,Beginner
I want to revise Linear Regression once again,Revision,Linear Regression,Beginner
Give me a short recap of Linear Regression,Revision,Linear Regression,Beginner
Give me a short recap of Linear Regression,Revision,Linear Regression,Beginner
Can you explain Gradient Descent in simple terms?,Explanation,Gradient Descent,Beginner
I don’t understand how Gradient Descent works,Explanation,Gradient Descent,Beginner
I don’t understand how Gradient Descent works,Explanation,Gradient Descent,Beginner
Can you explain Gradient Descent in simple terms?,Explanation,Gradient Descent,Beginner
I don’t understand how Gradient Descent works,Explanation,Gradient Descent,Beginner
I don’t understand how Gradient Descent works,Explanation,Gradient Descent,Beginner
Can you explain Gradient Descent in simple terms?,Explanation,Gradient Descent,Beginner
I don’t understand how Gradient Descent works,Explanation,Gradient Descent,Beginner
Can you explain Gradient Descent in simple terms?,Explanation,Gradient Descent,Beginner
Can you explain Gradient Descent in simple terms?,Explanation,Gradient Descent,Beginner
I need a real-world example for Gradient Descent,Example,Gradient Descent,Beginner
Show me a practical example of Gradient Descent,Example,Gradient Descent,Beginner
Can you give an example of Gradient Descent?,Example,Gradient Descent,Beginner
I need a real-world example for Gradient Descent,Example,Gradient Descent,Beginner
Show me a practical example of Gradient Descent,Example,Gradient Descent,Beginner
I need a real-world example for Gradient Descent,Example,Gradient Descent,Beginner
Can you give an example of Gradient Descent?,Example,Gradient Descent,Beginner
Show me a practical example of Gradient Descent,Example,Gradient Descent,Beginner
Can you give an example of Gradient Descent?,Example,Gradient Descent,Beginner
I need a real-world example for Gradient Descent,Example,Gradient Descent,Beginner
What happens if Gradient Descent is not tuned properly?,Doubt,Gradient Descent,Beginner
Why is Gradient Descent important in models?,Doubt,Gradient Descent,Beginner
Why is Gradient Descent important in models?,Doubt,Gradient Descent,Beginner
What happens if Gradient Descent is not tuned properly?,Doubt,Gradient Descent,Beginner
Why is Gradient Descent important in models?,Doubt,Gradient Descent,Beginner
Why does Gradient Descent sometimes fail?,Doubt,Gradient Descent,Beginner
Why is Gradient Descent important in models?,Doubt,Gradient Descent,Beginner
Why does Gradient Descent sometimes fail?,Doubt,Gradient Descent,Beginner
Why does Gradient Descent sometimes fail?,Doubt,Gradient Descent,Beginner
Why is Gradient Descent important in models?,Doubt,Gradient Descent,Beginner
Can you quickly revise Gradient Descent?,Revision,Gradient Descent,Beginner
Give me a short recap of Gradient Descent,Revision,Gradient Descent,Beginner
Can you quickly revise Gradient Descent?,Revision,Gradient Descent,Beginner
Can you quickly revise Gradient Descent?,Revision,Gradient Descent,Beginner
Can you quickly revise Gradient Descent?,Revision,Gradient Descent,Beginner
Give me a short recap of Gradient Descent,Revision,Gradient Descent,Beginner
Give me a short recap of Gradient Descent,Revision,Gradient Descent,Beginner
Give me a short recap of Gradient Descent,Revision,Gradient Descent,Beginner
I want to revise Gradient Descent once again,Revision,Gradient Descent,Beginner
Give me a short recap of Gradient Descent,Revision,Gradient Descent,Beginner
I don’t understand how Backpropagation works,Explanation,Backpropagation,Intermediate
Can you explain Backpropagation in simple terms?,Explanation,Backpropagation,Intermediate
Can you explain Backpropagation in simple terms?,Explanation,Backpropagation,Intermediate
I don’t understand how Backpropagation works,Explanation,Backpropagation,Intermediate
I am confused about Backpropagation,Explanation,Backpropagation,Intermediate
Can you explain Backpropagation in simple terms?,Explanation,Backpropagation,Intermediate
I am confused about Backpropagation,Explanation,Backpropagation,Intermediate
I am confused about Backpropagation,Explanation,Backpropagation,Intermediate
I am confused about Backpropagation,Explanation,Backpropagation,Intermediate
I don’t understand how Backpropagation works,Explanation,Backpropagation,Intermediate
I need a real-world example for Backpropagation,Example,Backpropagation,Beginner
I need a real-world example for Backpropagation,Example,Backpropagation,Beginner
Can you give an example of Backpropagation?,Example,Backpropagation,Beginner
I need a real-world example for Backpropagation,Example,Backpropagation,Beginner
I need a real-world example for Backpropagation,Example,Backpropagation,Beginner
Can you give an example of Backpropagation?,Example,Backpropagation,Beginner
Can you give an example of Backpropagation?,Example,Backpropagation,Beginner
Show me a practical example of Backpropagation,Example,Backpropagation,Beginner
Show me a practical example of Backpropagation,Example,Backpropagation,Beginner
Show me a practical example of Backpropagation,Example,Backpropagation,Beginner
Why is Backpropagation important in models?,Doubt,Backpropagation,Beginner
Why is Backpropagation important in models?,Doubt,Backpropagation,Beginner
Why is Backpropagation important in models?,Doubt,Backpropagation,Beginner
Why does Backpropagation sometimes fail?,Doubt,Backpropagation,Beginner
Why is Backpropagation important in models?,Doubt,Backpropagation,Beginner
What happens if Backpropagation is not tuned properly?,Doubt,Backpropagation,Beginner
Why does Backpropagation sometimes fail?,Doubt,Backpropagation,Beginner
Why does Backpropagation sometimes fail?,Doubt,Backpropagation,Beginner
Why does Backpropagation sometimes fail?,Doubt,Backpropagation,Beginner
What happens if Backpropagation is not tuned properly?,Doubt,Backpropagation,Beginner
Give me a short recap of Backpropagation,Revision,Backpropagation,Beginner
Give me a short recap of Backpropagation,Revision,Backpropagation,Beginner
Can you quickly revise Backpropagation?,Revision,Backpropagation,Beginner
Can you quickly revise Backpropagation?,Revision,Backpropagation,Beginner
I want to revise Backpropagation once again,Revision,Backpropagation,Beginner
I want to revise Backpropagation once again,Revision,Backpropagation,Beginner
Give me a short recap of Backpropagation,Revision,Backpropagation,Beginner
Can you quickly revise Backpropagation?,Revision,Backpropagation,Beginner
I want to revise Backpropagation once again,Revision,Backpropagation,Beginner
Give me a short recap of Backpropagation,Revision,Backpropagation,Beginner
Can you explain Neural Networks in simple terms?,Explanation,Neural Networks,Intermediate
I am confused about Neural Networks,Explanation,Neural Networks,Intermediate
Can you explain Neural Networks in simple terms?,Explanation,Neural Networks,Intermediate
I don’t understand how Neural Networks works,Explanation,Neural Networks,Intermediate
Can you explain Neural Networks in simple terms?,Explanation,Neural Networks,Intermediate
I don’t understand how Neural Networks works,Explanation,Neural Networks,Intermediate
I don’t understand how Neural Networks works,Explanation,Neural Networks,Intermediate
I am confused about Neural Networks,Explanation,Neural Networks,Intermediate
I am confused about Neural Networks,Explanation,Neural Networks,Intermediate
I am confused about Neural Networks,Explanation,Neural Networks,Intermediate
Show me a practical example of Neural Networks,Example,Neural Networks,Beginner
I need a real-world example for Neural Networks,Example,Neural Networks,Beginner
I need a real-world example for Neural Networks,Example,Neural Networks,Beginner
Show me a practical example of Neural Networks,Example,Neural Networks,Beginner
I need a real-world example for Neural Networks,Example,Neural Networks,Beginner
Show me a practical example of Neural Networks,Example,Neural Networks,Beginner
Show me a practical example of Neural Networks,Example,Neural Networks,Beginner
Can you give an example of Neural Networks?,Example,Neural Networks,Beginner
Can you give an example of Neural Networks?,Example,Neural Networks,Beginner
I need a real-world example for Neural Networks,Example,Neural Networks,Beginner
What happens if Neural Networks is not tuned properly?,Doubt,Neural Networks,Beginner
Why does Neural Networks sometimes fail?,Doubt,Neural Networks,Beginner
Why does Neural Networks sometimes fail?,Doubt,Neural Networks,Beginner
Why does Neural Networks sometimes fail?,Doubt,Neural Networks,Beginner
Why does Neural Networks sometimes fail?,Doubt,Neural Networks,Beginner
Why is Neural Networks important in models?,Doubt,Neural Networks,Beginner
Why does Neural Networks sometimes fail?,Doubt,Neural Networks,Beginner
Why is Neural Networks important in models?,Doubt,Neural Networks,Beginner
What happens if Neural Networks is not tuned properly?,Doubt,Neural Networks,Beginner
Why is Neural Networks important in models?,Doubt,Neural Networks,Beginner
Can you quickly revise Neural Networks?,Revision,Neural Networks,Beginner
Give me a short recap of Neural Networks,Revision,Neural Networks,Beginner
Give me a short recap of Neural Networks,Revision,Neural Networks,Beginner
I want to revise Neural Networks once again,Revision,Neural Networks,Beginner
Give me a short recap of Neural Networks,Revision,Neural Networks,Beginner
I want to revise Neural Networks once again,Revision,Neural Networks,Beginner
Give me a short recap of Neural Networks,Revision,Neural Networks,Beginner
I want to revise Neural Networks once again,Revision,Neural Networks,Beginner
Can you quickly revise Neural Networks?,Revision,Neural Networks,Beginner
I want to revise Neural Networks once again,Revision,Neural Networks,Beginner
I am confused about Overfitting & Regularization,Explanation,Overfitting & Regularization,Advanced
I don’t understand how Overfitting & Regularization works,Explanation,Overfitting & Regularization,Advanced
I am confused about Overfitting & Regularization,Explanation,Overfitting & Regularization,Advanced
I am confused about Overfitting & Regularization,Explanation,Overfitting & Regularization,Advanced
Can you explain Overfitting & Regularization in simple terms?,Explanation,Overfitting & Regularization,Advanced
I am confused about Overfitting & Regularization,Explanation,Overfitting & Regularization,Advanced
Can you explain Overfitting & Regularization in simple terms?,Explanation,Overfitting & Regularization,Advanced
I don’t understand how Overfitting & Regularization works,Explanation,Overfitting & Regularization,Advanced
Can you explain Overfitting & Regularization in simple terms?,Explanation,Overfitting & Regularization,Advanced
Can you explain Overfitting & Regularization in simple terms?,Explanation,Overfitting & Regularization,Advanced
Can you give an example of Overfitting & Regularization?,Example,Overfitting & Regularization,Beginner
Show me a practical example of Overfitting & Regularization,Example,Overfitting & Regularization,Beginner
Can you give an example of Overfitting & Regularization?,Example,Overfitting & Regularization,Beginner
I need a real-world example for Overfitting & Regularization,Example,Overfitting & Regularization,Beginner
I need a real-world example for Overfitting & Regularization,Example,Overfitting & Regularization,Beginner
Show me a practical example of Overfitting & Regularization,Example,Overfitting & Regularization,Beginner
I need a real-world example for Overfitting & Regularization,Example,Overfitting & Regularization,Beginner
Can you give an example of Overfitting & Regularization?,Example,Overfitting & Regularization,Beginner
I need a real-world example for Overfitting & Regularization,Example,Overfitting & Regularization,Beginner
Can you give an example of Overfitting & Regularization?,Example,Overfitting & Regularization,Beginner
Why is Overfitting & Regularization important in models?,Doubt,Overfitting & Regularization,Advanced
What happens if Overfitting & Regularization is not tuned properly?,Doubt,Overfitting & Regularization,Advanced
Why is Overfitting & Regularization important in models?,Doubt,Overfitting & Regularization,Advanced
Why is Overfitting & Regularization important in models?,Doubt,Overfitting & Regularization,Advanced
Why is Overfitting & Regularization important in models?,Doubt,Overfitting & Regularization,Advanced
Why does Overfitting & Regularization sometimes fail?,Doubt,Overfitting & Regularization,Advanced
Why does Overfitting & Regularization sometimes fail?,Doubt,Overfitting & Regularization,Advanced
What happens if Overfitting & Regularization is not tuned properly?,Doubt,Overfitting & Regularization,Advanced
Why does Overfitting & Regularization sometimes fail?,Doubt,Overfitting & Regularization,Advanced
Why is Overfitting & Regularization important in models?,Doubt,Overfitting & Regularization,Advanced
I want to revise Overfitting & Regularization once again,Revision,Overfitting & Regularization,Beginner
Can you quickly revise Overfitting & Regularization?,Revision,Overfitting & Regularization,Beginner
I want to revise Overfitting & Regularization once again,Revision,Overfitting & Regularization,Beginner
Give me a short recap of Overfitting & Regularization,Revision,Overfitting & Regularization,Beginner
Give me a short recap of Overfitting & Regularization,Revision,Overfitting & Regularization,Beginner
Can you quickly revise Overfitting & Regularization?,Revision,Overfitting & Regularization,Beginner
Can you quickly revise Overfitting & Regularization?,Revision,Overfitting & Regularization,Beginner
Give me a short recap of Overfitting & Regularization,Revision,Overfitting & Regularization,Beginner
Give me a short recap of Overfitting & Regularization,Revision,Overfitting & Regularization,Beginner
Can you quickly revise Overfitting & Regularization?,Revision,Overfitting & Regularization,Beginner
I don’t understand how Activation Functions works,Explanation,Activation Functions,Beginner
I don’t understand how Activation Functions works,Explanation,Activation Functions,Beginner
I am confused about Activation Functions,Explanation,Activation Functions,Beginner
I don’t understand how Activation Functions works,Explanation,Activation Functions,Beginner
I don’t understand how Activation Functions works,Explanation,Activation Functions,Beginner
I am confused about Activation Functions,Explanation,Activation Functions,Beginner
Can you explain Activation Functions in simple terms?,Explanation,Activation Functions,Beginner
I don’t understand how Activation Functions works,Explanation,Activation Functions,Beginner
I am confused about Activation Functions,Explanation,Activation Functions,Beginner
I don’t understand how Activation Functions works,Explanation,Activation Functions,Beginner
Can you give an example of Activation Functions?,Example,Activation Functions,Beginner
I need a real-world example for Activation Functions,Example,Activation Functions,Beginner
Show me a practical example of Activation Functions,Example,Activation Functions,Beginner
I need a real-world example for Activation Functions,Example,Activation Functions,Beginner
Can you give an example of Activation Functions?,Example,Activation Functions,Beginner
Show me a practical example of Activation Functions,Example,Activation Functions,Beginner
I need a real-world example for Activation Functions,Example,Activation Functions,Beginner
I need a real-world example for Activation Functions,Example,Activation Functions,Beginner
Show me a practical example of Activation Functions,Example,Activation Functions,Beginner
Can you give an example of Activation Functions?,Example,Activation Functions,Beginner
Why is Activation Functions important in models?,Doubt,Activation Functions,Beginner
Why is Activation Functions important in models?,Doubt,Activation Functions,Beginner
Why is Activation Functions important in models?,Doubt,Activation Functions,Beginner
Why does Activation Functions sometimes fail?,Doubt,Activation Functions,Beginner
Why is Activation Functions important in models?,Doubt,Activation Functions,Beginner
What happens if Activation Functions is not tuned properly?,Doubt,Activation Functions,Beginner
What happens if Activation Functions is not tuned properly?,Doubt,Activation Functions,Beginner
Why is Activation Functions important in models?,Doubt,Activation Functions,Beginner
Why is Activation Functions important in models?,Doubt,Activation Functions,Beginner
What happens if Activation Functions is not tuned properly?,Doubt,Activation Functions,Beginner
Give me a short recap of Activation Functions,Revision,Activation Functions,Beginner
I want to revise Activation Functions once again,Revision,Activation Functions,Beginner
Give me a short recap of Activation Functions,Revision,Activation Functions,Beginner
Can you quickly revise Activation Functions?,Revision,Activation Functions,Beginner
Can you quickly revise Activation Functions?,Revision,Activation Functions,Beginner
Can you quickly revise Activation Functions?,Revision,Activation Functions,Beginner
Can you quickly revise Activation Functions?,Revision,Activation Functions,Beginner
Give me a short recap of Activation Functions,Revision,Activation Functions,Beginner
Can you quickly revise Activation Functions?,Revision,Activation Functions,Beginner
I want to revise Activation Functions once again,Revision,Activation Functions,Beginner
